{
    "epoch": 37,
    "r2_score": 0.9155125397842963,
    "mse": 44.402962267360685,
    "rmse": 6.663554777096132
}