{
    "epoch": 63,
    "r2_score": 0.8910637084881695,
    "mse": 52.26023129859074,
    "rmse": 7.229123826480685
}