{
    "epoch": 25,
    "r2_score": 0.9135944463134544,
    "mse": 45.41102940292868,
    "rmse": 6.738770615099514
}