{
    "epoch": 149,
    "r2_score": 0.8931716366921015,
    "mse": 51.64969159754515,
    "rmse": 7.186771987307316
}