{
    "epoch": 85,
    "r2_score": 0.8809686941945317,
    "mse": 57.10313327943146,
    "rmse": 7.556661516796386
}