{
   "r2_score": 0.8755524860130262,
   "mse": 59.70146197594359,
   "rmse": 7.726672115208694
}