{
    "epoch": 11,
    "r2_score": 0.8625158572761419,
    "mse": 68.01491087552222,
    "rmse": 8.24711530630694
}