{
    "epoch": 102,
    "r2_score": 0.9177386235507987,
    "mse": 43.23302872650581,
    "rmse": 6.575182790349316
}