{
    "epoch": 155,
    "r2_score": 0.8994800304413098,
    "mae": 5.285244295500273,
    "mse": 53.390783041287015,
    "mape": 482266430105981.75,
    "rmse": 7.306899687369946
}