{
    "epoch": 92,
    "r2_score": 0.9173988279806368,
    "mse": 43.402458707458045,
    "rmse": 6.58805424290496
}