{
    "epoch": 68,
    "r2_score": 0.8907349907342949,
    "mse": 52.417927743100016,
    "rmse": 7.24002263415661
}