{
    "epoch": 181,
    "r2_score": 0.8917683353792691,
    "mse": 52.32816384762845,
    "rmse": 7.233820833254613
}