{
    "epoch": 144,
    "r2_score": 0.8933432099534628,
    "mse": 51.56673885202611,
    "rmse": 7.1809984578766
}