{
    "epoch": 499,
    "r2_score": 0.8897278859236155,
    "mse": 52.980920616173236,
    "rmse": 7.278799393868005
}