{
    "epoch": 177,
    "r2_score": 0.9177551115444305,
    "mse": 43.25659009100984,
    "rmse": 6.576974235239929
}