{
     "epoch": 175,
     "r2_score": 0.8868673398656655,
     "mae": 5.53010086847257,
     "mse": 54.50967949536615,
     "rmse": 7.383067079159321
}