{
    "epoch": 10,
    "r2_score": 0.8823444184558432,
    "mse": 56.443154248555295,
    "rmse": 7.512865914453371
}