{
    "epoch": 476,
    "r2_score": 0.8902359920660284,
    "mse": 52.65731340107845,
    "rmse": 7.256535909170329
}